Neighborhood Postcode,Neighborhood Latitude,Neighborhood Longitude,Venue,Venue Latitude,Venue Longitude,Venue Category,Venue Postcode,Venue Postal Outcode,Venue Postal Region
NW1,51.5306872,-0.146932,Regent's Park Open Air Theatre,51.528177811509494,-0.15449877455317712,Theater,NW1 4NU,NW1,NW
NW1,51.5306872,-0.146932,Avenue Gardens,51.527253731012436,-0.14812132810368903,Garden,,NW1,
NW1,51.5306872,-0.146932,Butterfly Paradise,51.535140517104175,-0.15228198096643653,Zoo Exhibit,,NW1,
NW1,51.5306872,-0.146932,Penguin Beach,51.535480934188726,-0.15247648375415418,Zoo Exhibit,,NW1,
NW1,51.5306872,-0.146932,Asakusa,51.53410725735929,-0.13822513836912417,Japanese Restaurant,NW1 1BA,NW1,NW
NW1,51.5306872,-0.146932,Edinboro Castle,51.53625387838065,-0.1449150963681095,Pub,NW1 7RU,NW1,NW
NW1,51.5306872,-0.146932,Ferreira Delicatessen,51.536487663249666,-0.1437388734308685,Deli / Bodega,NW1 7RX,NW1,NW
NW1,51.5306872,-0.146932,FUME At Dry Martini,51.52541523828828,-0.14405729176267168,Lounge,NW1 3UU,NW1,NW
NW1,51.5306872,-0.146932,Mestizo,51.527706714127106,-0.13872283663801588,Mexican Restaurant,NW1 3EH,NW1,NW
NW1,51.5306872,-0.146932,The Coffee Jar,51.53726903812666,-0.14559984605554818,Coffee Shop,NW1 7PP,NW1,NW
NW1,51.5306872,-0.146932,Regent's Park Tennis Courts,51.52564908053392,-0.15364804482498792,Tennis Court,,NW1,
NW1,51.5306872,-0.146932,Green Note,51.537216171116306,-0.14577283577999714,Music Venue,NW1 7AN,NW1,NW
NW1,51.5306872,-0.146932,KOKO,51.53467942354505,-0.13835495742020476,Music Venue,NW1 2JA,NW1,NW
NW1,51.5306872,-0.146932,Tiger Territory,51.53484509521252,-0.15484763425161863,Zoo Exhibit,,NW1,
NW1,51.5306872,-0.146932,Gorilla Kingdom,51.53555980111292,-0.1549320952681416,Zoo Exhibit,NW1 4RY,NW1,NW
NW1,51.5306872,-0.146932,The Level,51.52528,-0.143647,Lounge,NW1 3UU,NW1,NW
NW1,51.5306872,-0.146932,Camden Coffee Shop,51.53683904495788,-0.1421988528799949,Coffee Shop,NW1 7HT,NW1,NW
NW1,51.5306872,-0.146932,ZSL London Zoo,51.535645144168825,-0.15573978424072266,Zoo,NW1 4RY,NW1,NW
NW1,51.5306872,-0.146932,Benugo Espresso Bar,51.52862676031468,-0.14884084622917035,Coffee Shop,,NW1,
NW1,51.5306872,-0.146932,Regent's Park Children's Playground,51.52562128838914,-0.14828137626329102,Playground,,NW1,
NW1,51.5306872,-0.146932,El Parador,51.5337048589386,-0.13773283011305415,Tapas Restaurant,NW1 1BE,NW1,NW
NW1,51.5306872,-0.146932,Honey & Co,51.523754,-0.1408314,Middle Eastern Restaurant,W1T 5LZ,W1T,W
NW1,51.5306872,-0.146932,Leyas Coffee & Artisan Foods,51.53515844104396,-0.13903281643530266,Café,NW1 7JE,NW1,NW
NW1,51.5306872,-0.146932,The Blues Kitchen,51.537182042274495,-0.14109885863137187,Lounge,NW1 0LQ,NW1,NW
NW1,51.5306872,-0.146932,Cafe Zilly,51.52330769640895,-0.14216704418542006,Diner,W1T 6AB,W1T,W
NW1,51.5306872,-0.146932,Hook Camden Town,51.537600404963406,-0.14515479908409787,Fish & Chips Shop,NW1 7AN,NW1,NW
NW1,51.5306872,-0.146932,The Regent's Bar & Kitchen,51.52711711142943,-0.15544474124908447,Café,NW1 4NT,NW1,NW
NW1,51.5306872,-0.146932,The Remedy,51.523224134702296,-0.14209137351918122,Wine Bar,W1T 6PQ,W1T,W
NW1,51.5306872,-0.146932,BrewDog Camden,51.538332870312985,-0.14092594385147095,Beer Bar,NW1 0ND,NW1,NW
NW1,51.5306872,-0.146932,Chinalife,51.536865246148274,-0.14081406250005446,Tea Room,NW1 0LQ,NW1,NW
NW1,51.5306872,-0.146932,Ibérica,51.52257242845096,-0.1439230832892865,Spanish Restaurant,W1W 5PS,W1W,W
NW1,51.5306872,-0.146932,Shimogamo,51.537149635201814,-0.14587198395630097,Japanese Restaurant,NW1 7PP,NW1,NW
NW1,51.5306872,-0.146932,Triyoga Camden,51.5396602676532,-0.1471403665773567,Yoga Studio,NW1 7PE,NW1,NW
NW1,51.5306872,-0.146932,Purezza,51.53818,-0.144244,Vegetarian / Vegan Restaurant,NW1 7PN,NW1,NW
NW1,51.5306872,-0.146932,The Conran Shop,51.52225371472936,-0.15117629992926548,Furniture / Home Store,W1U 5HS,W1U,W
NW1,51.5306872,-0.146932,Melissa Patisserie & Confectionery,51.536849830034996,-0.1407439045629923,Snack Place,NW1 0LQ,NW1,NW
NW1,51.5306872,-0.146932,Black Sheep Coffee,51.52392484116901,-0.1437004255836,Coffee Shop,W1W 5DD,W1W,W
NW1,51.5306872,-0.146932,Whole Foods Market,51.53799862859371,-0.14462261626014497,Grocery Store,NW1 7AH,NW1,NW
NW1,51.5306872,-0.146932,Jazz Cafe,51.53882888609949,-0.14300844977350946,Jazz Club,NW1 7BP,NW1,NW
NW1,51.5306872,-0.146932,One Shot Coffee,51.537645,-0.145295,Coffee Shop,NW1 7AN,NW1,NW
NW1,51.5306872,-0.146932,Parkway Greens,51.53806154806028,-0.14457167119712477,Fruit & Vegetable Store,NW1 7AH,NW1,NW
NW1,51.5306872,-0.146932,Cecil Sharp House,51.53809177539499,-0.14928529473920765,Music Venue,NW1 7AY,NW1,NW
NW1,51.5306872,-0.146932,Yamas,51.535692,-0.139361,Greek Restaurant,NW1 0JL,NW1,NW
NW1,51.5306872,-0.146932,Honey & Spice,51.524089,-0.140067,Gourmet Shop,W1T 5NN,W1T,W
NW1,51.5306872,-0.146932,Sheephaven Bay,51.53517242582579,-0.1417124294959839,Pub,NW1 7QE,NW1,NW
NW1,51.5306872,-0.146932,Diwana Bhel Poori House,51.52716475973883,-0.1365782427404476,Indian Restaurant,NW1 2HL,NW1,NW
NW1,51.5306872,-0.146932,Taste of Siam,51.53557176232808,-0.1394641566930907,Thai Restaurant,NW1 7JH,NW1,NW
NW1,51.5306872,-0.146932,Haché,51.539464919109776,-0.1442966611787412,Burger Joint,NW1 7HJ,NW1,NW
NW1,51.5306872,-0.146932,Bugs,51.534292972096246,-0.15170998491436288,Zoo Exhibit,,NW1,
NW1,51.5306872,-0.146932,Sushi Waka,51.53740846060666,-0.14541714258933264,Sushi Restaurant,NW1 7AN,NW1,NW
NW1,51.5306872,-0.146932,New Diorama Theatre,51.524801534139165,-0.14199035117413872,Theater,NW1 3BF,NW1,NW
NW1,51.5306872,-0.146932,Dublin Castle,51.537424173879344,-0.14549966452598354,Music Venue,NW1 7AN,NW1,NW
NW1,51.5306872,-0.146932,Orrery,51.522313599359805,-0.1513066896036187,French Restaurant,W1U 5HS,W1U,W
NW1,51.5306872,-0.146932,Cafe Mexicana,51.535685,-0.139336,Mexican Restaurant,NW1 0JL,NW1,NW
NW1,51.5306872,-0.146932,Brizzi's,51.527056458690346,-0.13696129146392205,Italian Restaurant,NW1 2HW,NW1,NW
NW1,51.5306872,-0.146932,Band Of Burgers,51.53513949803698,-0.13907633227346058,Burger Joint,NW1 7JE,NW1,NW
NW1,51.5306872,-0.146932,Honey & Smoke,51.522550795183264,-0.1438392182690274,Middle Eastern Restaurant,W1W 5QW,W1W,W
NW1,51.5306872,-0.146932,York & Albany,51.53603340723417,-0.14650414523113905,Hotel,NW1 7PS,NW1,NW
NW1,51.5306872,-0.146932,Monkey Enclosure,51.53341996010186,-0.15142957473562954,Zoo Exhibit,,NW1,
NW1,51.5306872,-0.146932,Waitrose & Partners,51.53752403861149,-0.1418192356535735,Supermarket,NW1 7JR,NW1,NW
NW1,51.5306872,-0.146932,Waterstones,51.53794703826986,-0.1416923837838451,Bookstore,NW1 7JX,NW1,NW
NW1,51.5306872,-0.146932,"Il Sugo, a taste of Italy",51.537283794615774,-0.14065529317465533,Italian Restaurant,NW1 0LQ,NW1,NW
NW1,51.5306872,-0.146932,St Marylebone Parish Church Gardens,51.522417978502034,-0.1517792913717699,Park,W1U 5BA,W1U,W
NW1,51.5306872,-0.146932,Andy's Taverna,51.53766492967035,-0.1398682211638817,Greek Restaurant,NW1 0BE,NW1,NW
NW1,51.5306872,-0.146932,Our Black Heart,51.5388489075342,-0.1417048155883712,Rock Club,NW1 0AP,NW1,NW
NW1,51.5306872,-0.146932,Smugglers Tavern,51.52397053963866,-0.1410691524759995,Pub,W1T 6LA,W1T,W
NW1,51.5306872,-0.146932,Park Square Gardens,51.524184776008966,-0.1472623262919385,Park,NW1 4LL,NW1,NW
NW1,51.5306872,-0.146932,Shaker & Company,51.528157950512906,-0.13866537538192555,Cocktail Bar,NW1 3JU,NW1,NW
NW1,51.5306872,-0.146932,Speedy's Cafe,51.52630014009385,-0.1367342710668086,Breakfast Spot,NW1 2ND,NW1,NW
NW1,51.5306872,-0.146932,Triton Square,51.52507636199502,-0.13957196477744724,Plaza,NW1 3AT,NW1,NW
NW1,51.5306872,-0.146932,Common Grind,51.52558616320012,-0.1397526153500468,Coffee Shop,NW1 3FG,NW1,NW
NW1,51.5306872,-0.146932,Frieze London,51.525502,-0.148811,Exhibit,,NW1,
NW1,51.5306872,-0.146932,Reptile House,51.53525917777795,-0.15571474660424575,Zoo Exhibit,NW1 4RY,NW1,NW
NW1,51.5306872,-0.146932,Boots,51.53857997285921,-0.1422679702968175,Pharmacy,NW1 0NE,NW1,NW
NW1,51.5306872,-0.146932,The Exmouth Arms,51.5278808,-0.1366887,Pub,NW1 2HP,NW1,NW
NW1,51.5306872,-0.146932,Côte Brasserie,51.53842334346386,-0.14424612894237462,French Restaurant,NW1 7PN,NW1,NW
NW1,51.5306872,-0.146932,LAZ @ camden,51.53813,-0.144275,Mediterranean Restaurant,NW1 7PN,NW1,NW
NW1,51.5306872,-0.146932,Ramen Seto,51.53612718371183,-0.13894647186501394,Ramen Restaurant,NW1 0JT,NW1,NW
NW1,51.5306872,-0.146932,Urban Outfitters,51.53934690810828,-0.14344596237868898,Clothing Store,NW1 7BT,NW1,NW
NW1,51.5306872,-0.146932,Vans Store,51.53921338140594,-0.1427391424439001,Shoe Store,NW1 8QL,NW1,NW
NW1,51.5306872,-0.146932,Café Istanbul Bistro,51.52361884963538,-0.14394250920959895,Turkish Restaurant,W1W 5DD,W1W,W
NW1,51.5306872,-0.146932,Magic Circle Headquarters,51.52651647920464,-0.1352939183437734,Museum,NW1 2HD,NW1,NW
NW1,51.5306872,-0.146932,Bar & CO,51.53779501296888,-0.13939116566794313,Portuguese Restaurant,NW1 0BG,NW1,NW
NW1,51.5306872,-0.146932,Melia White House Hotel,51.524936,-0.143777,Hotel,NW1 3UU,NW1,NW
NW1,51.5306872,-0.146932,itsu,51.5257550455771,-0.1386305779284648,Sushi Restaurant,NW1 3JA,NW1,NW
NW1,51.5306872,-0.146932,Masala Zone,51.53854715355032,-0.14378463802730307,Indian Restaurant,NW1 7AA,NW1,NW
NW1,51.5306872,-0.146932,Soho Gyms,51.53928148209092,-0.1429333808406123,Gym / Fitness Center,NW1 8QL,NW1,NW
NW1,51.5306872,-0.146932,All Ages Records,51.53768536963399,-0.1396918700735327,Record Shop,NW1 0BG,NW1,NW
NW1,51.5306872,-0.146932,Al Parco,51.53848541008434,-0.14390335773790056,Italian Restaurant,NW1 7EY,NW1,NW
NW1,51.5306872,-0.146932,Harrington Square,51.533161298988546,-0.13840993253386352,Park,NW1 2JJ,NW1,NW
NW1,51.5306872,-0.146932,Camden People's Theatre,51.52629030628971,-0.13876147842395026,Theater,NW1 2PY,NW1,NW
NW1,51.5306872,-0.146932,African Kitchen Gallery,51.527255,-0.136453,African Restaurant,NW1 2HB,NW1,NW
NW1,51.5306872,-0.146932,Frieze Sculpture Park,51.52552516929507,-0.14646538251586616,Art Gallery,,NW1,
NW1,51.5306872,-0.146932,The Camden Head,51.537225003911644,-0.14091842406307092,Bar,NW1 0LQ,NW1,NW
NW1,51.5306872,-0.146932,O Tino,51.5359920489952,-0.13935232082369245,Restaurant,NW1 0JL,NW1,NW
NW2,51.5621085,-0.2296683,Gladstone Park,51.55754273659428,-0.2366352081298828,Park,,NW1,
NW2,51.5621085,-0.2296683,Wing Yip,51.56718259832714,-0.2285937234166432,Grocery Store,NW2 6LN,NW2,NW
NW2,51.5621085,-0.2296683,Reindeer Café,51.56704868873978,-0.22840409594860495,Chinese Restaurant,NW2 6LN,NW2,NW
NW2,51.5621085,-0.2296683,HomeSense,51.56839016058733,-0.22855596345334533,Furniture / Home Store,NW2 6GY,NW2,NW
NW2,51.5621085,-0.2296683,Matalan,51.56029920472346,-0.22100329399108887,Clothing Store,NW2 6PH,NW2,NW
NW2,51.5621085,-0.2296683,Wing Tai Restaurant,51.56687760373034,-0.22817289972248503,Chinese Restaurant,NW2 6LH,NW2,NW
NW2,51.5621085,-0.2296683,The Crown,51.56097800969647,-0.2322975786601118,Pub,NW2 6RB,NW2,NW
NW2,51.5621085,-0.2296683,BP,51.56638797,-0.22643424,Gas Station,NW2 6LD,NW2,NW
NW2,51.5621085,-0.2296683,Hobbycraft,51.568067591450756,-0.2274927587459338,Arts & Crafts Store,,NW2,
NW2,51.5621085,-0.2296683,Lidl,51.56231790094502,-0.2208574076318931,Supermarket,NW2 6NH,NW2,NW
NW2,51.5621085,-0.2296683,Costa Coffee,51.569923,-0.229003,Coffee Shop,NW2 6LW,NW2,NW
NW2,51.5621085,-0.2296683,Travelodge,51.55836483301435,-0.2171614722886975,Hotel,NW2 3DU,NW2,NW
NW2,51.5621085,-0.2296683,The Manor Gym,51.56040713749661,-0.21955539305699623,Gym / Fitness Center,NW2 6PG,NW2,NW
NW2,51.5621085,-0.2296683,Argos,51.56839246114737,-0.22840649915943984,Warehouse Store,NW2 6GY,NW2,NW
NW2,51.5621085,-0.2296683,Stables Cafe,51.559964,-0.23682,Café,NW2 7BR,NW2,NW
NW2,51.5621085,-0.2296683,Tesco,51.558517917926956,-0.2174756864904931,Grocery Store,NW2 3DS,NW2,NW
NW2,51.5621085,-0.2296683,Kitchen Exchange,51.56748293,-0.23174012,Furniture / Home Store,NW2 7JN,NW2,NW
NW2,51.5621085,-0.2296683,Flip Out,51.568725,-0.227563,Indoor Play Area,,NW2,
NW2,51.5621085,-0.2296683,Bus Stop BA,51.55987135778452,-0.21890899621939278,Bus Stop,NW2 6QG,NW2,NW
NW2,51.5621085,-0.2296683,Gladstone Community Centre,51.55488553014934,-0.22903718412491827,Yoga Studio,NW2 6BH,NW2,NW
NW2,51.5621085,-0.2296683,Carphone Warehouse,51.56955542197249,-0.22841973817482988,Mobile Phone Shop,NW2 6LW,NW2,NW
NW2,51.5621085,-0.2296683,Community Foods Ltd,51.56852259999999,-0.22242440000002262,Organic Grocery,NW2 1BY,NW2,NW
NW2,51.5621085,-0.2296683,Cricklewood Train Depot,51.57021722566346,-0.2273281960589145,Train Station,,NW2,
NW2,51.5621085,-0.2296683,London House Rugs Warehouse,51.568974,-0.237099,Furniture / Home Store,NW2 7TS,NW2,NW
NW2,51.5621085,-0.2296683,Currys PC World,51.56959870768016,-0.22939482386431587,Electronics Store,NW2 6LW,NW2,NW
NW2,51.5621085,-0.2296683,West End DJ,51.569609,-0.237331,Music Store,NW2 7UZ,NW2,NW
NW2,51.5621085,-0.2296683,Atlantic Electronics,51.569747,-0.237321,Electronics Store,NW2 7UZ,NW2,NW
NW3,51.551689399999994,-0.17061110000000002,Franco Manca,51.55122128898993,-0.1656394812442302,Pizza Place,NW3 4QR,NW3,NW
NW3,51.551689399999994,-0.17061110000000002,Olivers Village Cafe,51.548382244056725,-0.17288472424974052,Café,NW3 5BE,NW3,NW
NW3,51.551689399999994,-0.17061110000000002,Daunt Books Belsize Park,51.55066458692812,-0.16520059698314013,Bookstore,NW3 4QL,NW3,NW
NW3,51.551689399999994,-0.17061110000000002,Daunt Books Hampstead,51.555513353941116,-0.16627660623013577,Bookstore,NW3 2QB,NW3,NW
NW3,51.551689399999994,-0.17061110000000002,GAIL's Bakery,51.55006955025252,-0.1644248075480934,Bakery,NW3 4QT,NW3,NW
NW3,51.551689399999994,-0.17061110000000002,Keats House,51.55574494181236,-0.16797506166668622,Museum,NW3 2RR,NW3,NW
NW3,51.551689399999994,-0.17061110000000002,Everyman Belsize Park,51.55070807931405,-0.16604143763875734,Movie Theater,NW3 4QG,NW3,NW
NW3,51.551689399999994,-0.17061110000000002,Wine Rack,51.5508171307145,-0.1653429585613831,Wine Shop,NW3 2AG,NW3,NW
NW3,51.551689399999994,-0.17061110000000002,Chez Bob,51.551016348500816,-0.16571108248584682,American Restaurant,NW3 4QR,NW3,NW
NW3,51.551689399999994,-0.17061110000000002,karma bread,51.55449352658653,-0.1655860067530481,Bakery,NW3 2QE,NW3,NW
NW3,51.551689399999994,-0.17061110000000002,Freud Museum,51.54834414150891,-0.17727644221353694,History Museum,NW3 5SD,NW3,NW
NW3,51.551689399999994,-0.17061110000000002,La Crêperie de Hampstead,51.555909219060794,-0.17705095120208758,Creperie,NW3 1QB,NW3,NW
NW3,51.551689399999994,-0.17061110000000002,Paradise,51.55547571601579,-0.1663119939026201,Indian Restaurant,NW3 2QB,NW3,NW
NW3,51.551689399999994,-0.17061110000000002,The Little Thai,51.55411500485513,-0.16473718750726135,Thai Restaurant,NW3 2QY,NW3,NW
NW3,51.551689399999994,-0.17061110000000002,Gourmet Burger Kitchen,51.55063649352801,-0.16501585394857093,Burger Joint,NW3 2AH,NW3,NW
NW3,51.551689399999994,-0.17061110000000002,Isokon Gallery,51.55182233193622,-0.16191908501755167,Museum,NW3 2XD,NW3,NW
NW3,51.551689399999994,-0.17061110000000002,Waterstones,51.55607989549573,-0.17749246713659778,Bookstore,NW3 1QP,NW3,NW
NW3,51.551689399999994,-0.17061110000000002,The Garden Gate,51.554732693180604,-0.1656965371567711,Pub,NW3 2QE,NW3,NW
NW3,51.551689399999994,-0.17061110000000002,The Stag,51.5534197511417,-0.1615759603831879,Gastropub,NW3 2QT,NW3,NW
NW3,51.551689399999994,-0.17061110000000002,Roebuck,51.55376848676548,-0.16739916249215173,Pub,NW3 2PN,NW3,NW
NW3,51.551689399999994,-0.17061110000000002,Silverberry Deli & Kitchen,51.55417383061919,-0.16497491398983757,Café,NW3 2PS,NW3,NW
NW3,51.551689399999994,-0.17061110000000002,"Pax Lodge, WAGGGS",51.55284391422116,-0.1706585676373636,Bed & Breakfast,NW3 5PQ,NW3,NW
NW3,51.551689399999994,-0.17061110000000002,Patara,51.555497,-0.176086,Thai Restaurant,NW3 1RE,NW3,NW
NW3,51.551689399999994,-0.17061110000000002,28 Church Row,51.555627,-0.1788,Tapas Restaurant,NW3 6TS,NW3,NW
NW3,51.551689399999994,-0.17061110000000002,Venchi,51.5561757748388,-0.17771330546153857,Ice Cream Shop,NW3 1QE,NW3,NW
NW3,51.551689399999994,-0.17061110000000002,Ginger and White,51.55552253150274,-0.17812380915062986,Café,NW3 1QU,NW3,NW
NW3,51.551689399999994,-0.17061110000000002,Everyman,51.556380292004015,-0.17880537074266473,Movie Theater,NW3 6TX,NW3,NW
NW3,51.551689399999994,-0.17061110000000002,M&S Simply Food,51.55395597,-0.16511891,Grocery Store,NW3 2PS,NW3,NW
NW3,51.551689399999994,-0.17061110000000002,Zara,51.554422592333005,-0.16556135166707728,Greek Restaurant,NW3 2QE,NW3,NW
NW3,51.551689399999994,-0.17061110000000002,Jin Kichi | 人吉 (Jin Kichi),51.557211,-0.17837,Japanese Restaurant,NW3 6UG,NW3,NW
NW3,51.551689399999994,-0.17061110000000002,L'Antica Pizzeria,51.55731765127369,-0.1782727599140761,Pizza Place,NW3 6UG,NW3,NW
NW3,51.551689399999994,-0.17061110000000002,Oddono's Gelati,51.556531207373,-0.17754508690492712,Ice Cream Shop,NW3 1HQ,NW3,NW
NW3,51.551689399999994,-0.17061110000000002,UCS Active,51.552645491960305,-0.18050342667395103,Gym / Fitness Center,NW3 6YD,NW3,NW
NW3,51.551689399999994,-0.17061110000000002,The Wells,51.55862188598442,-0.1738013059083379,Gastropub,NW3 1LB,NW3,NW
NW3,51.551689399999994,-0.17061110000000002,Melrose And Morgan,51.55588296469207,-0.17851941924915785,Deli / Bodega,NW3 6TE,NW3,NW
NW3,51.551689399999994,-0.17061110000000002,The Flask,51.55664484583849,-0.17737729065887328,Pub,NW3 1HJ,NW3,NW
NW3,51.551689399999994,-0.17061110000000002,Hampstead Heath Ponds,51.559299790173306,-0.1659731640944348,Lake,,NW3,
NW3,51.551689399999994,-0.17061110000000002,The Freemasons Arms,51.556968486733965,-0.1688057881134541,Pub,NW3 1TH,NW3,NW
NW3,51.551689399999994,-0.17061110000000002,Lanka,51.54592881042824,-0.17949809677697334,Dessert Shop,NW6 3HX,NW6,NW
NW3,51.551689399999994,-0.17061110000000002,Palmers Lodge,51.54540495932064,-0.17607552755060968,Hostel,NW3 5LB,NW3,NW
NW3,51.551689399999994,-0.17061110000000002,Waitrose & Partners,51.54667570449687,-0.17948211903973457,Supermarket,NW3 6NN,NW3,NW
NW3,51.551689399999994,-0.17061110000000002,Hampstead Heath,51.55962227214169,-0.16492083670596772,Park,,NW3,
NW3,51.551689399999994,-0.17061110000000002,The Holly Bush,51.557806848806166,-0.17929274401963546,Pub,NW3 6SH,NW3,NW
NW3,51.551689399999994,-0.17061110000000002,Camden Arts Centre,51.5509378547353,-0.18371614717797777,Art Gallery,NW3 6DG,NW3,NW
NW3,51.551689399999994,-0.17061110000000002,Hampstead Theatre,51.543801647658114,-0.17408907743747687,Theater,NW3 3HF,NW3,NW
NW3,51.551689399999994,-0.17061110000000002,Burgh House and Hampstead Museum,51.55800729424223,-0.17483860948988986,Museum,NW3 1LT,NW3,NW
NW3,51.551689399999994,-0.17061110000000002,The George,51.55237013058125,-0.16748750741812465,Pub,NW3 4PR,NW3,NW
NW3,51.551689399999994,-0.17061110000000002,Chamomile,51.54572884643151,-0.1623983098252302,Café,NW3 4YD,NW3,NW
NW3,51.551689399999994,-0.17061110000000002,Cass Art,51.55703578173882,-0.17839908599853516,Arts & Crafts Store,NW3 1DL,NW3,NW
NW3,51.551689399999994,-0.17061110000000002,Dim T,51.555291991529096,-0.17834905604033455,Dim Sum Restaurant,NW3 6TP,NW3,NW
NW3,51.551689399999994,-0.17061110000000002,Merito Coffee,51.54391104277603,-0.174260143999686,Coffee Shop,NW3 3HY,NW3,NW
NW3,51.551689399999994,-0.17061110000000002,Ginger And White,51.54681775457026,-0.160929323505479,Café,NW3 4XX,NW3,NW
NW3,51.551689399999994,-0.17061110000000002,The Buttery Cafe,51.55805676295741,-0.17490329592339074,Café,NW3 1LT,NW3,NW
NW3,51.551689399999994,-0.17061110000000002,Dar's Tandoor & Grill,51.55436132987666,-0.16439124163300028,Indian Restaurant,NW3 2LL,NW3,NW
NW3,51.551689399999994,-0.17061110000000002,Spielburger,51.55633591335128,-0.17864040869709716,American Restaurant,NW3 1RH,NW3,NW
NW3,51.551689399999994,-0.17061110000000002,Roni's Bagel Bakery,51.55489379259985,-0.17294637143510666,Bagel Shop,NW3 1NL,NW3,NW
NW3,51.551689399999994,-0.17061110000000002,Retsina,51.54949789992985,-0.17129689985273683,Greek Restaurant,NW3 5AR,NW3,NW
NW3,51.551689399999994,-0.17061110000000002,Budgens,51.55073366513905,-0.165522433711106,Convenience Store,NW3 4QG,NW3,NW
NW3,51.551689399999994,-0.17061110000000002,Belsize Village,51.547453022103156,-0.17146825790405273,Plaza,NW3 4HY,NW3,NW
NW3,51.551689399999994,-0.17061110000000002,Vape Emporium,51.55693572419176,-0.1784098148345947,Vape Store,NW3 1DL,NW3,NW
NW3,51.551689399999994,-0.17061110000000002,Mimmo la Bufala,51.5553399094965,-0.16623023789686076,Italian Restaurant,NW3 2QB,NW3,NW
NW3,51.551689399999994,-0.17061110000000002,The Horseshoe,51.55588065794634,-0.1785917131457653,Pub,NW3 6TE,NW3,NW
NW3,51.551689399999994,-0.17061110000000002,Swiss Cottage Grocers,51.54539890093747,-0.17741100048247108,Organic Grocery,NW3 5EX,NW3,NW
NW3,51.551689399999994,-0.17061110000000002,Guglee,51.54512536497184,-0.17679693534645308,Indian Restaurant,NW3 5ES,NW3,NW
NW3,51.551689399999994,-0.17061110000000002,Fiddie's Italian Kitchen,51.545326669108995,-0.17725266672598197,Italian Restaurant,NW3 5EX,NW3,NW
NW3,51.551689399999994,-0.17061110000000002,The Armoury Hampstead,51.55255090773706,-0.16013170441576957,Gym / Fitness Center,NW3 2QP,NW3,NW
NW3,51.551689399999994,-0.17061110000000002,The Washington,51.54546670970895,-0.16276842270767533,Pub,NW3 4YD,NW3,NW
NW3,51.551689399999994,-0.17061110000000002,Loft Coffee,51.546665101235526,-0.18030418621951683,Café,NW6 3BS,NW6,NW
NW3,51.551689399999994,-0.17061110000000002,Sable D'or,51.54599,-0.16204767,Café,NW3 4UE,NW3,NW
NW3,51.551689399999994,-0.17061110000000002,Garden Breakfast Cafe,51.54602419009194,-0.1793049122780168,Café,NW3 6LB,NW3,NW
NW3,51.551689399999994,-0.17061110000000002,PAPA DEL'S,51.54828436937687,-0.17216282816611161,Italian Restaurant,NW3 4DU,NW3,NW
NW3,51.551689399999994,-0.17061110000000002,GAIL's Bakery,51.55616794675482,-0.17770745417419953,Bakery,NW3 1QE,NW3,NW
NW3,51.551689399999994,-0.17061110000000002,Paul,51.55632554973643,-0.17795636297236436,Bakery,NW3 1QH,NW3,NW
NW3,51.551689399999994,-0.17061110000000002,PizzaExpress,51.5505426341371,-0.16488135915199018,Pizza Place,NW3 2AJ,NW3,NW
NW3,51.551689399999994,-0.17061110000000002,Premier Inn London Hampstead,51.551654441765244,-0.16714231536109622,Hotel,NW3 4QE,NW3,NW
NW3,51.551689399999994,-0.17061110000000002,Belsize Kitchen,51.549060951281675,-0.1718121671807353,Bakery,NW3 5BJ,NW3,NW
NW3,51.551689399999994,-0.17061110000000002,Swiss Cottage Farmers Market,51.543838525523,-0.17462258105212114,Farmers Market,NW3 3HY,NW3,NW
NW3,51.551689399999994,-0.17061110000000002,Carluccio's,51.55464963889396,-0.17222044058291033,Italian Restaurant,NW3 1NH,NW3,NW
NW3,51.551689399999994,-0.17061110000000002,Remon,51.547229713062286,-0.1798621227937488,Bakery,NW3 6LP,NW3,NW
NW3,51.551689399999994,-0.17061110000000002,Green Cottage | 绿雨居,51.545187402961304,-0.17699980410513344,Chinese Restaurant,NW3 5EP,NW3,NW
NW3,51.551689399999994,-0.17061110000000002,Artigiano,51.54901649083895,-0.17100099157537654,Italian Restaurant,NW3 4AX,NW3,NW
NW3,51.551689399999994,-0.17061110000000002,Costa Coffee,51.55080093232134,-0.1653125414903032,Coffee Shop,NW3 2AG,NW3,NW
NW3,51.551689399999994,-0.17061110000000002,Caffè Nero,51.545368751864714,-0.17782352536118087,Coffee Shop,NW3 6JY,NW3,NW
NW3,51.551689399999994,-0.17061110000000002,Caffè Nero,51.555338689886206,-0.17446938829470746,Coffee Shop,NW3 1RG,NW3,NW
NW3,51.551689399999994,-0.17061110000000002,Streets Coffee,51.549324,-0.18161069,Café,NW3 6ND,NW3,NW
NW3,51.551689399999994,-0.17061110000000002,Gaucho,51.55750006090572,-0.1779626120003103,Argentinian Restaurant,NW3 1HP,NW3,NW
NW3,51.551689399999994,-0.17061110000000002,Villa Bianca,51.555737468527354,-0.17745491825352877,Italian Restaurant,NW3 1QX,NW3,NW
NW3,51.551689399999994,-0.17061110000000002,Jamon Jamon,51.550300418914404,-0.1646504763803945,Tapas Restaurant,NW3 4QS,NW3,NW
NW3,51.551689399999994,-0.17061110000000002,Pomona,51.55027608335028,-0.1646882853211722,Food & Drink Shop,NW3 4QS,NW3,NW
NW3,51.551689399999994,-0.17061110000000002,Bonjour Brioche,51.54674701524231,-0.16101482400479034,Café,NW3 4XX,NW3,NW
NW3,51.551689399999994,-0.17061110000000002,Starbucks,51.545459,-0.162607,Coffee Shop,NW3 4YD,NW3,NW
NW3,51.551689399999994,-0.17061110000000002,Tortilla,51.5473032051603,-0.1799154446149535,Burrito Place,NW3 5JS,NW3,NW
NW3,51.551689399999994,-0.17061110000000002,Flying Tiger,51.54779339979793,-0.1803239093575547,Gift Shop,NW3 5HS,NW3,NW
NW3,51.551689399999994,-0.17061110000000002,Oliver's Fish and Chips,51.54689203077504,-0.15856718571208853,Fish & Chips Shop,NW3 4RL,NW3,NW
NW3,51.551689399999994,-0.17061110000000002,The Royal Cafe,51.55357606718867,-0.16217270794608152,Café,NW3 2NH,NW3,NW
NW3,51.551689399999994,-0.17061110000000002,Haverstock Hill,51.548459655650646,-0.16533965385344637,Hill,NW3 4LU,NW3,NW
NW3,51.551689399999994,-0.17061110000000002,Virgin Active,51.54807308768953,-0.181923508644104,Gym / Fitness Center,NW3 6LU,NW3,NW
NW3,51.551689399999994,-0.17061110000000002,Sprinkles Gelato,51.54470074055231,-0.17602420061246846,Dessert Shop,NW3 6JR,NW3,NW
NW3,51.551689399999994,-0.17061110000000002,LLS,51.55890923227659,-0.17848867376117794,Coffee Shop,NW3 6ST,NW3,NW
NW3,51.551689399999994,-0.17061110000000002,Natural Natural,51.54607074973594,-0.17920524578913508,Grocery Store,NW3 6LB,NW3,NW
NW4,51.5936993,-0.2181107,Sunny Hill Park,51.59298184469122,-0.2264915510845989,Park,NW4 4QR,NW4,NW
NW4,51.5936993,-0.2181107,Seoul Plaza,51.58676722663513,-0.2107169449901888,Grocery Store,NW11 9JU,NW11,NW
NW4,51.5936993,-0.2181107,The Greyhound,51.59119373076773,-0.22786754164669987,Pub,NW4 4JT,NW4,NW
NW4,51.5936993,-0.2181107,The Forum,51.58997306192851,-0.23083954375309265,Student Center,,NW4,
NW4,51.5936993,-0.2181107,Mr Baker,51.58746676105074,-0.22090137605342935,Café,NW4 2DR,NW4,NW
NW4,51.5936993,-0.2181107,Hendon Hall Hotel,51.594405267952624,-0.21856634420746576,Hotel,NW4 1HF,NW4,NW
NW4,51.5936993,-0.2181107,Hendon Bagel Bakery,51.5900159800887,-0.22393519718708435,Bagel Shop,NW4 4DU,NW4,NW
NW4,51.5936993,-0.2181107,The Claddagh Ring,51.59004890373909,-0.22613520004589766,Irish Pub,NW4 4EA,NW4,NW
NW4,51.5936993,-0.2181107,Costa Coffee,51.5905241412437,-0.22979401030220806,Coffee Shop,NW4 4JS,NW4,NW
NW4,51.5936993,-0.2181107,The Co-operative Food,51.58990673031607,-0.22576689720153806,Grocery Store,NW4 4QW,NW4,NW
NW4,51.5936993,-0.2181107,Iskele Restaurant,51.58982256412604,-0.22200899489859074,Turkish Restaurant,NW4 4DS,NW4,NW
NW4,51.5936993,-0.2181107,Tesco,51.58674774790685,-0.21766458820816623,Grocery Store,NW4 2SW,NW4,NW
NW4,51.5936993,-0.2181107,Costa Coffee,51.58983278228853,-0.22855387266363356,Coffee Shop,NW4 4BT,NW4,NW
NW4,51.5936993,-0.2181107,Mdx Fitness Pod,51.589991380487916,-0.2308250521073273,Gym / Fitness Center,,NW4,
NW4,51.5936993,-0.2181107,Pizaza,51.58674513949554,-0.21766977158930134,Pizza Place,NW4 2SW,NW4,NW
NW4,51.5936993,-0.2181107,Sami's,51.589183311022,-0.21793862538705241,Middle Eastern Restaurant,NW4 2RN,NW4,NW
NW4,51.5936993,-0.2181107,Dollis Valley River Walk,51.59087688365332,-0.21197216399906263,Trail,NW4 1AQ,NW4,NW
NW4,51.5936993,-0.2181107,Jun Peking Chinese Restaurant - 皇上皇,51.58994001514117,-0.2227978029187481,Chinese Restaurant,NW4 4EW,NW4,NW
NW4,51.5936993,-0.2181107,Original Lahore Restaurant,51.58757030605075,-0.2209200464767853,Indian Restaurant,NW4 2DR,NW4,NW
NW4,51.5936993,-0.2181107,B Kosher,51.586952445155084,-0.21806496352841537,Grocery Store,NW4 2AT,NW4,NW
NW4,51.5936993,-0.2181107,Sentinel Square,51.58676768676798,-0.2176730728844046,Plaza,NW4 2SW,NW4,NW
NW4,51.5936993,-0.2181107,Real Beijing,51.58674440655991,-0.21760931792911795,Chinese Restaurant,NW4 2SW,NW4,NW
NW5,51.554354499999995,-0.14411110000000002,The Southampton Arms,51.556152,-0.14612,Pub,NW5 1LE,NW5,NW
NW5,51.554354499999995,-0.14411110000000002,Chicken Shop,51.55427386005141,-0.1444141892001771,Wings Joint,NW5 1TL,NW5,NW
NW5,51.554354499999995,-0.14411110000000002,Pizza East,51.55436632946355,-0.1445538434638808,Pizza Place,NW5 1TL,NW5,NW
NW5,51.554354499999995,-0.14411110000000002,Patron Cave à Manger,51.552587506749056,-0.14113227046502513,French Restaurant,NW5 2EX,NW5,NW
NW5,51.554354499999995,-0.14411110000000002,Queen of Sheba,51.552153637497774,-0.14107521017058364,Ethiopian Restaurant,NW5 1AA,NW5,NW
NW5,51.554354499999995,-0.14411110000000002,The Pineapple,51.552963497078046,-0.13954805106500917,Pub,NW5 2NU,NW5,NW
NW5,51.554354499999995,-0.14411110000000002,Ruby Violet,51.555598,-0.139232,Ice Cream Shop,NW5 2HL,NW5,NW
NW5,51.554354499999995,-0.14411110000000002,Ristorante Rossella,51.55505705438677,-0.14506875827459978,Italian Restaurant,NW5 1PB,NW5,NW
NW5,51.554354499999995,-0.14411110000000002,Rustique Cafe,51.556239965397495,-0.13877449817385137,Café,NW5 2HP,NW5,NW
NW5,51.554354499999995,-0.14411110000000002,PureGym London Highgate,51.55405177168055,-0.14498401056464016,Gym / Fitness Center,NW5 1TL,NW5,NW
NW5,51.554354499999995,-0.14411110000000002,Ceremony,51.555935,-0.13891429,Vegetarian / Vegan Restaurant,NW5 2HP,NW5,NW
NW5,51.554354499999995,-0.14411110000000002,Carrots + Daikon,51.5521089507927,-0.14160464255353108,Vietnamese Restaurant,NW5 1NR,NW5,NW
NW5,51.554354499999995,-0.14411110000000002,Junction Tavern,51.555150902809125,-0.13982918657875462,Pub,NW5 1UT,NW5,NW
NW5,51.554354499999995,-0.14411110000000002,Parliament Hill Lido,51.5561719408144,-0.15071997748241053,Pool,NW5 1NA,NW5,NW
NW5,51.554354499999995,-0.14411110000000002,Stingray Cafe,51.555987829667345,-0.1390179495410059,Italian Restaurant,NW5 2HR,NW5,NW
NW5,51.554354499999995,-0.14411110000000002,Bean About Town,51.55065812681827,-0.14063807313203172,Food Truck,NW5 2TJ,NW5,NW
NW5,51.554354499999995,-0.14411110000000002,Franco Manca,51.5504699084619,-0.14076612616591908,Pizza Place,NW5 2TJ,NW5,NW
NW5,51.554354499999995,-0.14411110000000002,Clapton Craft NW5,51.551788144351875,-0.1410325664293079,Beer Store,NW5 2ES,NW5,NW
NW5,51.554354499999995,-0.14411110000000002,The Bull & Last,51.55884185195939,-0.14874054471874976,Gastropub,NW5 1QS,NW5,NW
NW5,51.554354499999995,-0.14411110000000002,Saint espresso & kitchen,51.55103831843475,-0.14061394736481947,Coffee Shop,NW5 2TG,NW5,NW
NW5,51.554354499999995,-0.14411110000000002,Lure fish kitchen,51.55809711463967,-0.14328275854258005,Seafood Restaurant,NW5 1DJ,NW5,NW
NW5,51.554354499999995,-0.14411110000000002,Camden's Daughter,51.54921434861814,-0.141059797880039,Bar,NW5 2AB,NW5,NW
NW5,51.554354499999995,-0.14411110000000002,Baan Thai,51.55246125451813,-0.14106001972669235,Thai Restaurant,NW5 2EU,NW5,NW
NW5,51.554354499999995,-0.14411110000000002,Fierce Grace North,51.55054216432762,-0.15069538745278807,Yoga Studio,NW5 4DU,NW5,NW
NW5,51.554354499999995,-0.14411110000000002,Bull And Gate,51.5518506136089,-0.14137415508575615,Bar,NW5 1NR,NW5,NW
NW5,51.554354499999995,-0.14411110000000002,Ladies and Gentlemen,51.55187379212839,-0.14118509936159007,Cocktail Bar,NW5 2ES,NW5,NW
NW5,51.554354499999995,-0.14411110000000002,Beef & Brew,51.55008603079999,-0.1407780767090982,Steakhouse,NW5 2AA,NW5,NW
NW5,51.554354499999995,-0.14411110000000002,Dartmouth Arms,51.55853921583215,-0.14362610179879062,Pub,NW5 1SP,NW5,NW
NW5,51.554354499999995,-0.14411110000000002,Lord Palmerston,51.559424352398565,-0.1403913422866717,Pub,NW5 1HR,NW5,NW
NW5,51.554354499999995,-0.14411110000000002,Camden Town Brewery,51.54683072779654,-0.1468809955929848,Brewery,NW5 3LN,NW5,NW
NW5,51.554354499999995,-0.14411110000000002,Wahaca,51.55038586011878,-0.14067074022912363,Mexican Restaurant,NW5 2TJ,NW5,NW
NW5,51.554354499999995,-0.14411110000000002,Phoenicia Mediterranean Food Hall,51.547582274900094,-0.14141618597908623,Grocery Store,NW5 2AE,NW5,NW
NW5,51.554354499999995,-0.14411110000000002,E Mono,51.54902157105311,-0.14103741480700108,Middle Eastern Restaurant,NW5 2BU,NW5,NW
NW5,51.554354499999995,-0.14411110000000002,Theatre Of Wine,51.56069606835941,-0.13716304827243905,Wine Shop,N19 5LB,N19,N
NW5,51.554354499999995,-0.14411110000000002,O2 Forum,51.55220268064735,-0.14211557127511285,Music Venue,NW5 1JY,NW5,NW
NW5,51.554354499999995,-0.14411110000000002,Parliament Hill Farmers’ Market,51.55942012042741,-0.15141799228547037,Farmers Market,,NW5,
NW5,51.554354499999995,-0.14411110000000002,Aces and Eights,51.55670547232235,-0.13840375467057775,Bar,N19 5AA,N19,N
NW5,51.554354499999995,-0.14411110000000002,The Fields Beneath,51.54645507617196,-0.14669645210505802,Coffee Shop,NW5 3LL,NW5,NW
NW5,51.554354499999995,-0.14411110000000002,Gipsy Queen,51.55071289562211,-0.15488106734102974,Gastropub,NW5 4BS,NW5,NW
NW5,51.554354499999995,-0.14411110000000002,Truffles Deli,51.55847236566676,-0.14342258513329315,Deli / Bodega,NW5 1ST,NW5,NW
NW5,51.554354499999995,-0.14411110000000002,The Lion and Unicorn,51.548010629784905,-0.13886146895323176,Beer Garden,NW5 2EL,NW5,NW
NW5,51.554354499999995,-0.14411110000000002,Little Oak Coffee Shop,51.55500135590769,-0.1510573639959084,Coffee Shop,NW3 2JD,NW3,NW
NW5,51.554354499999995,-0.14411110000000002,Bear + Wolf,51.55663,-0.13874766,Coffee Shop,NW5 1AL,NW5,NW
NW5,51.554354499999995,-0.14411110000000002,Hummy Yummy,51.548135659039175,-0.14124648473561105,Juice Bar,NW5 2AD,NW5,NW
NW5,51.554354499999995,-0.14411110000000002,GAIL's Bakery,51.561942387816735,-0.14952846174338522,Bakery,N6 6QX,N6,N
NW5,51.554354499999995,-0.14411110000000002,The Grafton,51.546758722093855,-0.14451071619987488,Pub,NW5 3LH,NW5,NW
NW5,51.554354499999995,-0.14411110000000002,Kentish Town City Farm,51.552391466964956,-0.14985436449527106,Farm,NW5 4NS,NW5,NW
NW5,51.554354499999995,-0.14411110000000002,Cinnamon Village,51.55537917221557,-0.13945391642255678,Café,NW5 2HL,NW5,NW
NW5,51.554354499999995,-0.14411110000000002,Owl Bookshop,51.54716622419697,-0.1416041570351045,Bookstore,NW5 2AG,NW5,NW
NW5,51.554354499999995,-0.14411110000000002,The Rose & Crown,51.55038709182784,-0.1327873292889154,Pub,NW5 2SE,NW5,NW
NW5,51.554354499999995,-0.14411110000000002,Earth Natural Foods,51.54805181016716,-0.14115276097564242,Food & Drink Shop,NW5 2AD,NW5,NW
NW5,51.554354499999995,-0.14411110000000002,Caps and Taps,51.54597779031636,-0.1416963838535368,Beer Store,NW1 9QB,NW1,NW
NW5,51.554354499999995,-0.14411110000000002,Lalibela,51.556086535303194,-0.13900838816773817,Ethiopian Restaurant,NW5 2HR,NW5,NW
NW5,51.554354499999995,-0.14411110000000002,Mario’s Cafe,51.545658622828945,-0.142036637571307,Café,NW1 8PD,NW1,NW
NW5,51.554354499999995,-0.14411110000000002,Doppio,51.54621806341175,-0.14189631906671035,Coffee Shop,NW1 9QB,NW1,NW
NW5,51.554354499999995,-0.14411110000000002,The Assembly House,51.55089064376868,-0.1402782093935574,Pub,NW5 2TG,NW5,NW
NW5,51.554354499999995,-0.14411110000000002,Blue Moon Cafe,51.556080091231095,-0.13897987616981256,Thai Restaurant,NW5 2HR,NW5,NW
NW5,51.554354499999995,-0.14411110000000002,Gail’s Bakery,51.54808,-0.141073,Bakery,NW5 2AD,NW5,NW
NW5,51.554354499999995,-0.14411110000000002,Map Café,51.54771393233876,-0.14506794808372286,Café,NW5 3DX,NW5,NW
NW5,51.554354499999995,-0.14411110000000002,The Hideaway,51.561020793396445,-0.13701048873600882,Lounge,N19 5PZ,N19,N
NW5,51.554354499999995,-0.14411110000000002,Lost Boys Pizza,51.561504,-0.136507,Pizza Place,N19 5PX,N19,N
NW5,51.554354499999995,-0.14411110000000002,Spring Studios,51.55004249508467,-0.14801428358325883,Art Gallery,NW5 3BH,NW5,NW
NW5,51.554354499999995,-0.14411110000000002,Better Kentish Town Sports Centre,51.5469456325033,-0.14442992481661668,Gym Pool,NW5 3AW,NW5,NW
NW5,51.554354499999995,-0.14411110000000002,énergie Fitness,51.553422621529315,-0.14335260770054634,Gym / Fitness Center,NW5 1RT,NW5,NW
NW5,51.554354499999995,-0.14411110000000002,Pit Stop,51.54555709053005,-0.14159533486753675,Asian Restaurant,NW1 8PD,NW1,NW
NW5,51.554354499999995,-0.14411110000000002,Lidl,51.547511575939616,-0.14151791559231236,Supermarket,NW5 2AE,NW5,NW
NW5,51.554354499999995,-0.14411110000000002,Lunar Cycles,51.54780287857379,-0.146942138671875,Bike Shop,NW5 3AG,NW5,NW
NW5,51.554354499999995,-0.14411110000000002,The Spice,51.55668045603812,-0.13854211173858122,Indian Restaurant,NW5 1AL,NW5,NW
NW5,51.554354499999995,-0.14411110000000002,Pret A Manger,51.550531344622556,-0.14075695815887745,Sandwich Place,NW5 2TJ,NW5,NW
NW5,51.554354499999995,-0.14411110000000002,Parliament Hill Fields Playground,51.55665313992729,-0.15729563267434077,Playground,NW3 2JP,NW3,NW
NW5,51.554354499999995,-0.14411110000000002,Tufnell Park Tavern,51.557538601439134,-0.1321214446589845,Gastropub,N7 0PU,N7,N
NW5,51.554354499999995,-0.14411110000000002,Tufnell Park Kebab,51.55658205927776,-0.13811528372921206,Kebab Restaurant,N19 5AA,N19,N
NW5,51.554354499999995,-0.14411110000000002,The Dome,51.55741176719463,-0.13844007601793099,Music Venue,N19 5QG,N19,N
NW5,51.554354499999995,-0.14411110000000002,Neighbour,51.551136,-0.140627,Restaurant,NW5 2TG,NW5,NW
NW5,51.554354499999995,-0.14411110000000002,The Abbey Tavern,51.54575149611991,-0.1416065765707394,Pub,NW1 8PD,NW1,NW
NW5,51.554354499999995,-0.14411110000000002,drinkers paradise,51.54665402687407,-0.14400388678630835,Liquor Store,NW5 3AW,NW5,NW
NW5,51.554354499999995,-0.14411110000000002,Café Renoir,51.54928352555198,-0.14099271300964422,French Restaurant,NW5 2AB,NW5,NW
NW5,51.554354499999995,-0.14411110000000002,Bistro Laz,51.561332709944146,-0.1505282882085311,Mediterranean Restaurant,NW5 1QX,NW5,NW
NW5,51.554354499999995,-0.14411110000000002,Natural,51.54661158535784,-0.14476876075276104,Health Food Store,NW5 3LH,NW5,NW
NW5,51.554354499999995,-0.14411110000000002,Knowhere Special,51.5510416705918,-0.14060668603224752,Cocktail Bar,NW5 2TG,NW5,NW
NW5,51.554354499999995,-0.14411110000000002,delicious,51.551614375043144,-0.14108602313991317,Italian Restaurant,NW5 2TH,NW5,NW
NW5,51.554354499999995,-0.14411110000000002,Talacre Park,51.54716790344586,-0.14846599806233324,Park,NW5 3PH,NW5,NW
NW5,51.554354499999995,-0.14411110000000002,Al Parco,51.561356296343135,-0.15068001369710154,Italian Restaurant,N6 6JS,N6,N
NW5,51.554354499999995,-0.14411110000000002,Trattoria Nuraghe,51.55779130098613,-0.13900796025135378,Italian Restaurant,NW5 1HL,NW5,NW
NW5,51.554354499999995,-0.14411110000000002,The Vine,51.55469742943664,-0.14452658655761766,Gastropub,NW5 1BJ,NW5,NW
NW5,51.554354499999995,-0.14411110000000002,Korova,51.55791016076799,-0.1321091169825144,Modern European Restaurant,N7 0EA,N7,N
NW5,51.554354499999995,-0.14411110000000002,Forks & Corks,51.56189909083998,-0.1501157436249086,Food,N6 6QX,N6,N
NW5,51.554354499999995,-0.14411110000000002,The Co-operative Food,51.549724330749775,-0.14091253280639648,Grocery Store,NW5 2EN,NW5,NW
NW5,51.554354499999995,-0.14411110000000002,Caffè Nero,51.55041407060704,-0.14080899754774848,Coffee Shop,NW5 2TJ,NW5,NW
NW5,51.554354499999995,-0.14411110000000002,Nando's,51.54773900809412,-0.14163995224509776,Portuguese Restaurant,NW5 2EA,NW5,NW
NW5,51.554354499999995,-0.14411110000000002,Ravel's Bistro,51.55316,-0.158436,French Restaurant,NW3 2NX,NW3,NW
NW5,51.554354499999995,-0.14411110000000002,Laksa Kitchen,51.550284,-0.140757,Malay Restaurant,NW5 2AA,NW5,NW
NW5,51.554354499999995,-0.14411110000000002,Spaghetti House,51.556950183686936,-0.13831689742872808,Italian Restaurant,NW5 1AL,NW5,NW
NW5,51.554354499999995,-0.14411110000000002,Subway,51.54857826526566,-0.14108818249602154,Sandwich Place,NW5 2DY,NW5,NW
NW5,51.554354499999995,-0.14411110000000002,Kalendar,51.56189047922828,-0.1497373181824778,Café,N6 6QX,N6,N
NW5,51.554354499999995,-0.14411110000000002,Carob Tree,51.56137673569475,-0.1505804093867187,Mediterranean Restaurant,NW5 1QX,NW5,NW
NW5,51.554354499999995,-0.14411110000000002,Budgens,51.55767920337907,-0.1320796270417319,Convenience Store,N19 4PL,N19,N
NW5,51.554354499999995,-0.14411110000000002,Del Parc,51.560662847461664,-0.1370466053447272,Tapas Restaurant,N19 5PZ,N19,N
NW5,51.554354499999995,-0.14411110000000002,Costa Coffee,51.55674500631856,-0.1384694658272017,Coffee Shop,NW5 1AL,NW5,NW
NW5,51.554354499999995,-0.14411110000000002,Queen's Crescent Market,51.54974713315252,-0.15199345973800962,Flea Market,NW5 4EB,NW5,NW
NW6,51.5437594,-0.1970833,Spicy Basil,51.541060062647524,-0.1969044867402488,Thai Restaurant,NW6 7HU,NW6,NW
NW6,51.5437594,-0.1970833,Maison De La Vie,51.541403,-0.19718,Café,NW6 7HY,NW6,NW
NW6,51.5437594,-0.1970833,Tricycle Theatre,51.543109713368835,-0.20008810323635892,Theater,NW6 7JQ,NW6,NW
NW6,51.5437594,-0.1970833,Ariana II,51.54278040390083,-0.19907044040682842,Middle Eastern Restaurant,NW6 7JN,NW6,NW
NW6,51.5437594,-0.1970833,Sir Colin Campbell,51.543283,-0.199647,Pub,NW6 2BY,NW6,NW
NW6,51.5437594,-0.1970833,The Black Lion,51.54364333455076,-0.20002642857759045,Pub,NW6 7JQ,NW6,NW
NW6,51.5437594,-0.1970833,Barraco,51.54092691634424,-0.19598574548711145,Brazilian Restaurant,NW6 4JD,NW6,NW
NW6,51.5437594,-0.1970833,Quartieri,51.543305,-0.199483,Pizza Place,NW6 2BY,NW6,NW
NW6,51.5437594,-0.1970833,XBurger House,51.54125685909173,-0.19976230215788374,Brazilian Restaurant,NW6 7SY,NW6,NW
NW6,51.5437594,-0.1970833,Bombay Flame,51.542676159691325,-0.1952016352081387,Indian Restaurant,NW6 4JY,NW6,NW
NW6,51.5437594,-0.1970833,The Gallery,51.54650872874577,-0.19019958939499448,Bar,NW6 3AY,NW6,NW
NW6,51.5437594,-0.1970833,The Petite Corée,51.54617,-0.190987,Korean Restaurant,NW6 2LU,NW6,NW
NW6,51.5437594,-0.1970833,Anjanaas,51.54075685962751,-0.2022385597229004,Indian Restaurant,NW6 7RL,NW6,NW
NW6,51.5437594,-0.1970833,Ruchi,51.54309092762431,-0.19552122615786768,Indian Restaurant,NW6 4LA,NW6,NW
NW6,51.5437594,-0.1970833,The Sanctuary Cafe,51.54588605807347,-0.1918903115318781,Café,NW6 2AP,NW6,NW
NW6,51.5437594,-0.1970833,Aldi,51.54043426859579,-0.19619183689600514,Supermarket,NW6 7HW,NW6,NW
NW6,51.5437594,-0.1970833,West Hampstead Farmers Market,51.54808167012295,-0.1915420308703239,Farmers Market,NW6 2HX,NW6,NW
NW6,51.5437594,-0.1970833,Ekin,51.53847193817592,-0.1908383750271407,Turkish Restaurant,NW6 4AA,NW6,NW
NW6,51.5437594,-0.1970833,Hart & Lova,51.538405091187194,-0.190817157217005,Bakery,NW6 4AA,NW6,NW
NW6,51.5437594,-0.1970833,Pham House,51.54654323748191,-0.1898732191308351,Vietnamese Restaurant,NW6 3AY,NW6,NW
NW6,51.5437594,-0.1970833,Wired Co.,51.54646428117145,-0.19042021340215984,Coffee Shop,NW6 3AU,NW6,NW
NW6,51.5437594,-0.1970833,M&S Simply Food,51.54710006179179,-0.19127721922469343,Grocery Store,NW6 1SA,NW6,NW
NW6,51.5437594,-0.1970833,Franco Manca,51.53741997092906,-0.192647882918994,Pizza Place,NW6 4HJ,NW6,NW
NW6,51.5437594,-0.1970833,West End Charcoal Grill,51.54754058682552,-0.19108877414644207,Middle Eastern Restaurant,NW6 2LJ,NW6,NW
NW6,51.5437594,-0.1970833,Small & Beautifull,51.54516649620631,-0.20175954333414564,Italian Restaurant,NW6 2QN,NW6,NW
NW6,51.5437594,-0.1970833,CrossFit Evolving Kilburn,51.53763480901823,-0.1929745875058283,Gym / Fitness Center,NW6 4HJ,NW6,NW
NW6,51.5437594,-0.1970833,The North London Tavern,51.5457168834376,-0.20254621598890424,Pub,NW6 2QW,NW6,NW
NW6,51.5437594,-0.1970833,The Cedar,51.5499879470259,-0.19144978334004673,Mediterranean Restaurant,NW6 1XN,NW6,NW
NW6,51.5437594,-0.1970833,The Priory Tavern,51.53840719999999,-0.1912876,Pub,NW6 4BR,NW6,NW
NW6,51.5437594,-0.1970833,The Earl Derby,51.54052155758762,-0.19650902118108432,Gastropub,NW6 7HW,NW6,NW
NW6,51.5437594,-0.1970833,Poundland,51.5393799814547,-0.19492762007542874,Discount Store,NW6 4PW,NW6,NW
NW6,51.5437594,-0.1970833,The Wet Fish Cafe,51.55110026387991,-0.19161334997350216,Café,NW6 1RE,NW6,NW
NW6,51.5437594,-0.1970833,The Alliance,51.55120018759207,-0.20112160947155905,Pub,NW6 1NU,NW6,NW
NW6,51.5437594,-0.1970833,Queens Park Farmers Market,51.536917853190985,-0.20605466157064325,Farmers Market,NW6 6NU,NW6,NW
NW6,51.5437594,-0.1970833,Bokor,51.537634,-0.193282,Theme Restaurant,NW6 6HY,NW6,NW
NW6,51.5437594,-0.1970833,Little Bay,51.538613981150895,-0.19047682724844553,French Restaurant,NW6 4AA,NW6,NW
NW6,51.5437594,-0.1970833,Belvedere Traditional,51.54595576262151,-0.20263476887780915,Deli / Bodega,NW6 2QW,NW6,NW
NW6,51.5437594,-0.1970833,Wolfpack,51.5365334700499,-0.20498605751473511,Pub,NW6 6BH,NW6,NW
NW6,51.5437594,-0.1970833,Toomai,51.548732115965684,-0.191142730725204,Vietnamese Restaurant,NW6 1XJ,NW6,NW
NW6,51.5437594,-0.1970833,Tannin and Oak,51.551951,-0.19256,Wine Shop,NW6 1RS,NW6,NW
NW6,51.5437594,-0.1970833,Kilburn Grange Park,51.54404395028895,-0.19790941498828726,Park,NW6 2JL,NW6,NW
NW6,51.5437594,-0.1970833,Rosa's Thai Cafe,51.54800633766501,-0.19111756445011346,Thai Restaurant,NW6 1SD,NW6,NW
NW6,51.5437594,-0.1970833,Little Waitrose,51.55174190524422,-0.19233742587782074,Grocery Store,NW6 1RP,NW6,NW
NW6,51.5437594,-0.1970833,Dark Habit Coffee,51.53693408511243,-0.20636896705626628,Coffee Shop,NW6 6NU,NW6,NW
NW6,51.5437594,-0.1970833,Ostuni,51.53671246155918,-0.204474392111379,Italian Restaurant,NW6 6RR,NW6,NW
NW6,51.5437594,-0.1970833,GAIL's Bakery,51.550508644213785,-0.19141681730550894,Bakery,NW6 1QS,NW6,NW
NW6,51.5437594,-0.1970833,Nando's,51.544487484693505,-0.2009962893820502,Portuguese Restaurant,NW6 2DG,NW6,NW
NW6,51.5437594,-0.1970833,The Black Lion,51.55135384243663,-0.19192277930994972,Pub,NW6 1RD,NW6,NW
NW6,51.5437594,-0.1970833,Bellaluna,51.55056559370386,-0.19147122163651675,Italian Restaurant,NW6 1QS,NW6,NW
NW6,51.5437594,-0.1970833,Sarracino,51.546554422931614,-0.19003829523932494,Pizza Place,NW6 3AY,NW6,NW
NW6,51.5437594,-0.1970833,Hugo's,51.53725374385418,-0.20339918436143745,French Restaurant,NW6 6RD,NW6,NW
NW6,51.5437594,-0.1970833,The Alice House,51.55092937194873,-0.19155062463082875,Pub,NW6 1RB,NW6,NW
NW6,51.5437594,-0.1970833,David's Deli,51.5522205478578,-0.1930600141424222,Café,NW6 1AA,NW6,NW
NW6,51.5437594,-0.1970833,West End Lane Books,51.55074235017171,-0.191494824892118,Bookstore,NW6 1QR,NW6,NW
NW6,51.5437594,-0.1970833,Czech And Slovak Bar & Restaurant,51.54483982637283,-0.1916968897273493,Bar,NW6 2AA,NW6,NW
NW6,51.5437594,-0.1970833,Lola's Bakery,51.54897337966844,-0.19113541969864767,Bakery,NW6 1XJ,NW6,NW
NW6,51.5437594,-0.1970833,Bobby Fitzpatrick,51.550634945856835,-0.19146219205875434,Pizza Place,NW6 1QR,NW6,NW
NW6,51.5437594,-0.1970833,Banana Tree Canteen,51.54957786428573,-0.19149680182870496,Thai Restaurant,NW6 1SG,NW6,NW
NW6,51.5437594,-0.1970833,Guglee,51.55079879690661,-0.19148950544640966,Indian Restaurant,NW6 1QR,NW6,NW
NW6,51.5437594,-0.1970833,Accommodation London,51.54638188481271,-0.2094614042774416,Hostel,NW2 4BS,NW2,NW
NW6,51.5437594,-0.1970833,Sainsbury's,51.53843945552519,-0.1940268732358119,Supermarket,NW6 4HS,NW6,NW
NW6,51.5437594,-0.1970833,Michiko Sushino,51.536998,-0.206386,Japanese Restaurant,NW6 6NU,NW6,NW
NW6,51.5437594,-0.1970833,Roosters Piri Piri,51.537041897990534,-0.1923372346094967,Fast Food Restaurant,NW6 5SA,NW6,NW
NW6,51.5437594,-0.1970833,The Railway,51.5462986406413,-0.1911161473214351,Pub,NW6 2LH,NW6,NW
NW6,51.5437594,-0.1970833,West End Green,51.552080540581144,-0.19248563916548925,Park,NW6 1RS,NW6,NW
NW6,51.5437594,-0.1970833,Moment Expresso Bar,51.5512442293977,-0.19167174103231055,Breakfast Spot,NW6 1LG,NW6,NW
NW6,51.5437594,-0.1970833,Costa Coffee,51.54328595697261,-0.19932238424310517,Coffee Shop,NW6 2BY,NW6,NW
NW6,51.5437594,-0.1970833,M&S Simply Food,51.5376965858497,-0.192682263169413,Grocery Store,NW6 4HJ,NW6,NW
NW6,51.5437594,-0.1970833,TK Maxx,51.54020779189291,-0.1958464748204223,Clothing Store,NW6 7HT,NW6,NW
NW6,51.5437594,-0.1970833,Gourmet Burger Kitchen,51.5518878,-0.1929108,Burger Joint,NW6 1RS,NW6,NW
NW6,51.5437594,-0.1970833,DW Fitness First,51.5370542692729,-0.20629358311311732,Gym / Fitness Center,NW6 6NU,NW6,NW
NW6,51.5437594,-0.1970833,Nando's,51.551365691589645,-0.19177541100707612,Portuguese Restaurant,NW6 1LG,NW6,NW
NW6,51.5437594,-0.1970833,Starbucks,51.547745,-0.191195,Coffee Shop,NW6 2LJ,NW6,NW
NW6,51.5437594,-0.1970833,Vijay India,51.54088327609785,-0.20173350318145447,Indian Restaurant,NW6 7RF,NW6,NW
NW6,51.5437594,-0.1970833,Starbucks,51.54931821095774,-0.19435017298931848,Coffee Shop,NW6 1BD,NW6,NW
NW6,51.5437594,-0.1970833,Kilburn Flowers,51.547116812949426,-0.20518218648636147,Flower Shop,NW2 3UL,NW2,NW
NW6,51.5437594,-0.1970833,Speedy Noodle,51.54274055204665,-0.19899241446796495,Asian Restaurant,NW6 7JN,NW6,NW
NW6,51.5437594,-0.1970833,Minkies,51.54756761872584,-0.19112724580886256,Coffee Shop,NW6 2LJ,NW6,NW
NW6,51.5437594,-0.1970833,Iceland,51.53891858964399,-0.19473011602845855,Grocery Store,NW6 6JH,NW6,NW
NW6,51.5437594,-0.1970833,Art 4 Fun,51.54919510557514,-0.19129770328661283,Arts & Crafts Store,NW6 1XL,NW6,NW
NW6,51.5437594,-0.1970833,McDonald's,51.53972978253605,-0.19543623626583165,Fast Food Restaurant,NW6 4PH,NW6,NW
NW6,51.5437594,-0.1970833,Roni's Bagel Bakery,51.55125018721964,-0.19172093244437152,Bagel Shop,NW6 1LG,NW6,NW
NW6,51.5437594,-0.1970833,Maygrove Peace Park,51.548088040612306,-0.19922377555042853,Park,NW6 2DA,NW6,NW
NW6,51.5437594,-0.1970833,Hampstead Cricket Club,51.55019760520442,-0.18775576221166076,Cricket Ground,NW6 1HP,NW6,NW
NW6,51.5437594,-0.1970833,Brondesbury London Overground Station,51.54524216162164,-0.20227369290741348,Train Station,NW6 7QB,NW6,NW
NW6,51.5437594,-0.1970833,Halfords,51.53950609392649,-0.19549418706446886,Automotive Shop,NW6 6JL,NW6,NW
NW6,51.5437594,-0.1970833,Subway,51.54119985471701,-0.197096493295676,Sandwich Place,NW6 7HY,NW6,NW
NW6,51.5437594,-0.1970833,énergie Fitness,51.53702026613381,-0.1917718504128681,Gym / Fitness Center,NW6 5SA,NW6,NW
NW6,51.5437594,-0.1970833,Jumanji Pets,51.539304340702046,-0.19413762532579734,Pet Store,NW6 4LJ,NW6,NW
NW6,51.5437594,-0.1970833,Starbucks,51.536582,-0.191596,Coffee Shop,NW6 5UA,NW6,NW
NW6,51.5437594,-0.1970833,Caffè Nero,51.55164189632654,-0.19204596730402135,Coffee Shop,NW6 1LJ,NW6,NW
NW6,51.5437594,-0.1970833,Primark,51.53787408285695,-0.1929447054862976,Clothing Store,NW6 4HJ,NW6,NW
NW6,51.5437594,-0.1970833,Schnitzel Chicken & More,51.552056,-0.19269,Falafel Restaurant,NW6 1RS,NW6,NW
NW6,51.5437594,-0.1970833,Argos,51.53922804372539,-0.19498242806289914,Warehouse Store,NW6 6JL,NW6,NW
NW6,51.5437594,-0.1970833,Tesco,51.536612583710216,-0.19167195409152457,Grocery Store,NW6 5UA,NW6,NW
NW6,51.5437594,-0.1970833,Caffeine,51.54630065165694,-0.2029169419733134,Coffee Shop,NW6 2QJ,NW6,NW
NW6,51.5437594,-0.1970833,The Old Bell,51.5369482377502,-0.1921772692993227,Pub,NW6 5SA,NW6,NW
NW6,51.5437594,-0.1970833,Brondes Age,51.545410059114054,-0.20205642623870518,Bar,NW6 7QB,NW6,NW
NW6,51.5437594,-0.1970833,Rafkins,51.536422657588204,-0.1916133121325472,New American Restaurant,NW6 5SB,NW6,NW
NW6,51.5437594,-0.1970833,GDK German Doner Kebab,51.544297,-0.200867,Doner Restaurant,NW6 7FA,NW6,NW
NW7,51.61473059999999,-0.230102,PowerLeague Mill Hill,51.60765383218206,-0.22666268808254064,Soccer Field,NW7 2BB,NW7,NW
NW7,51.61473059999999,-0.230102,Belmont Childrens Farm,51.62176023713736,-0.2313009880288533,Farm,NW7 1QT,NW7,NW
NW7,51.61473059999999,-0.230102,Adam & Eve,51.61629089856678,-0.21815362845171682,Gastropub,NW7 1RL,NW7,NW
NW7,51.61473059999999,-0.230102,Mill Hill Park,51.61489522354765,-0.23913922105148872,Park,NW7 4SL,NW7,NW
NW7,51.61473059999999,-0.230102,Mill Hill Sport Centre,51.61978654490802,-0.23294862654566978,Athletics & Sports,NW7 1QA,NW7,NW
NW7,51.61473059999999,-0.230102,Power League,51.607589398266335,-0.2267310460694532,Sports Club,NW7 2BB,NW7,NW
NW7,51.61473059999999,-0.230102,Three Hammers,51.62159307322067,-0.23400843215090247,Pub,NW7 4DY,NW7,NW
NW8,51.53328,-0.1734435,Panzer's,51.53364563504979,-0.17229982565914614,Deli / Bodega,NW8 6PD,NW8,NW
NW8,51.53328,-0.1734435,GAIL's Bakery,51.53388536719681,-0.1717371180037255,Bakery,NW8 6BN,NW8,NW
NW8,51.53328,-0.1734435,Abbey Road Studios,51.53237121009653,-0.17777877833888267,Recording Studio,NW8 9AA,NW8,NW
NW8,51.53328,-0.1734435,Chicken Shop,51.53354261273544,-0.17023160361590203,Fried Chicken Joint,NW8 7AU,NW8,NW
NW8,51.53328,-0.1734435,Abbey Road Crossing,51.53206254650124,-0.17726827913752435,Monument / Landmark,NW8 9DE,NW8,NW
NW8,51.53328,-0.1734435,Lord's Cricket Ground (MCC),51.529411544586594,-0.17269134521484375,Cricket Ground,,NW8,
NW8,51.53328,-0.1734435,Gelato Mio,51.53382375708708,-0.17111443371112248,Ice Cream Shop,NW8 7SE,NW8,NW
NW8,51.53328,-0.1734435,St John's Wood Church Gardens,51.5307414438974,-0.16939153130623422,Garden,NW8 7NE,NW8,NW
NW8,51.53328,-0.1734435,Drunch,51.535036315434674,-0.16882192916184227,Cocktail Bar,NW8 6LS,NW8,NW
NW8,51.53328,-0.1734435,The Good Life Eatery,51.532243,-0.169353,Salad Place,NW8 7PG,NW8,NW
NW8,51.53328,-0.1734435,Abbey Road Shop,51.53231147760432,-0.17773999226708334,Gift Shop,NW8 9AY,NW8,NW
NW8,51.53328,-0.1734435,The Bread Shop,51.533718073395974,-0.1709855742151698,Bakery,NW8 7SE,NW8,NW
NW8,51.53328,-0.1734435,Lord's Pavilion,51.52909181713893,-0.17355927652203298,Cricket Ground,NW8 8QN,NW8,NW
NW8,51.53328,-0.1734435,Heartcore Pilates,51.535570324276925,-0.17500229327123462,Gym / Fitness Center,NW8 6DW,NW8,NW
NW8,51.53328,-0.1734435,St Johns Wood Park,51.5389763353095,-0.17559351253214958,Park,NW8 6NA,NW8,NW
NW8,51.53328,-0.1734435,The Ordnance,51.53584290951954,-0.17129964035987671,Pub,NW8 6AL,NW8,NW
NW8,51.53328,-0.1734435,The Ivy Cafe,51.5335088055217,-0.170525809537556,Modern European Restaurant,NW8 7SG,NW8,NW
NW8,51.53328,-0.1734435,Everyman,51.528102740941065,-0.18194969154658608,Movie Theater,W9 1RU,W9,W
NW8,51.53328,-0.1734435,Drunch Regent's Park,51.53502908352613,-0.1688285512900551,Restaurant,NW8 6LS,NW8,NW
NW8,51.53328,-0.1734435,Oslo Court,51.533363965559154,-0.16650829305297762,French Restaurant,NW8 7BP,NW8,NW
NW8,51.53328,-0.1734435,Harry Morgan,51.53296894294246,-0.1700528895852656,Deli / Bodega,NW8 7NH,NW8,NW
NW8,51.53328,-0.1734435,Lord's Tavern,51.52808010916685,-0.1733248296697406,Pub,NW8 8QP,NW8,NW
NW8,51.53328,-0.1734435,The Elgin,51.530309,-0.185298,Pub,W9 1NZ,W9,W
NW8,51.53328,-0.1734435,Pret A Manger,51.533996556644155,-0.17148930256991576,Sandwich Place,NW8 6BN,NW8,NW
NW8,51.53328,-0.1734435,Violet Hill Gardens,51.53286722907555,-0.1824432531345325,Garden,NW8 9BH,NW8,NW
NW8,51.53328,-0.1734435,Chayada Thai,51.53724822561112,-0.18529088084904213,Thai Restaurant,NW8 0RG,NW8,NW
NW8,51.53328,-0.1734435,Lisson Grove Moorings,51.526433,-0.171759,Canal,NW8 8LF,NW8,NW
NW8,51.53328,-0.1734435,Crocker's Folly,51.525715617299575,-0.17479719433882956,Lebanese Restaurant,NW8 8JR,NW8,NW
NW8,51.53328,-0.1734435,The New Inn,51.535466057898,-0.16588090640699457,Pub,NW8 6LA,NW8,NW
NW8,51.53328,-0.1734435,The Warrington,51.52727125940863,-0.18320099421426503,Pub,W9 1DW,W9,W
NW8,51.53328,-0.1734435,LV Lounge,51.52538131073468,-0.17826263057848094,Wine Bar,W9 1BZ,W9,W
NW8,51.53328,-0.1734435,Maguro,51.525416718878695,-0.1790127799406014,Japanese Restaurant,W9 1BT,W9,W
NW8,51.53328,-0.1734435,Thai Rice,51.530051654587446,-0.18592492590859583,Thai Restaurant,W9 1NJ,W9,W
NW8,51.53328,-0.1734435,Duke of York,51.53410686037119,-0.1713111001883438,Gastropub,NW8 6PL,NW8,NW
NW8,51.53328,-0.1734435,Raouls,51.52567736821159,-0.17910683342334097,Deli / Bodega,W9 1SZ,W9,W
NW8,51.53328,-0.1734435,Clifton Greens,51.52567078156688,-0.1792670667863183,Farmers Market,W9 1SS,W9,W
NW8,51.53328,-0.1734435,The Clifton,51.53585814147925,-0.1851554345707503,Pub,NW8 0JP,NW8,NW
NW8,51.53328,-0.1734435,Rym Cafe,51.5299840821301,-0.16775247838024268,Hookah Bar,NW8 7HT,NW8,NW
NW8,51.53328,-0.1734435,Regent's Park North Gate,51.53411018280578,-0.16275644302368164,Park,,NW8,
NW8,51.53328,-0.1734435,Fego Caffe,51.53246265593683,-0.16938790663197306,Café,NW8 7NG,NW8,NW
NW8,51.53328,-0.1734435,Boots,51.533679707779406,-0.17088369805909734,Pharmacy,NW8 7SE,NW8,NW
NW8,51.53328,-0.1734435,Starbucks,51.533911,-0.171353,Coffee Shop,NW8 7SE,NW8,NW
NW8,51.53328,-0.1734435,The Baking Lab (Bake with Maria),51.54075525926943,-0.17938990243608305,Bakery,NW8 0DQ,NW8,NW
NW8,51.53328,-0.1734435,Banana Tree,51.52985506941661,-0.18584536021700407,Thai Restaurant,W9 1JS,W9,W
NW8,51.53328,-0.1734435,d1,51.524799,-0.176117,Coffee Shop,NW8 8JN,NW8,NW
NW8,51.53328,-0.1734435,The Delisserie,51.533772629179175,-0.16938927867206788,Diner,NW8 7AR,NW8,NW
NW8,51.53328,-0.1734435,PizzaExpress,51.535480613150526,-0.18140107683444198,Pizza Place,NW8 0AA,NW8,NW
NW8,51.53328,-0.1734435,The Peppermint,51.5301194811927,-0.18561295761685387,Café,W9 1JS,W9,W
NW8,51.53328,-0.1734435,Flower Station,51.528020959575684,-0.16443484750549062,Flower Shop,NW8 7RJ,NW8,NW
NW8,51.53328,-0.1734435,Bruno's Deli,51.537184111592374,-0.1837515300420261,Deli / Bodega,NW8 0AD,NW8,NW
NW8,51.53328,-0.1734435,Raoul's Deli,51.525809085307955,-0.17891506563811652,Gourmet Shop,W9 1SH,W9,W
NW8,51.53328,-0.1734435,Tamada,51.537189209370595,-0.1854429065489108,Caucasian Restaurant,NW8 0RG,NW8,NW
NW8,51.53328,-0.1734435,Starbucks,51.530154,-0.186137,Coffee Shop,W9 1NJ,W9,W
NW8,51.53328,-0.1734435,Le Selma Bijou,51.52953168626424,-0.16780972480773926,Café,NW8 7JA,NW8,NW
NW8,51.53328,-0.1734435,Carluccio's,51.54207807128854,-0.1705026626586914,Italian Restaurant,NW3 3ST,NW3,NW
NW8,51.53328,-0.1734435,Cafe Med,51.537405188120246,-0.17891768725323529,Café,NW8 0NB,NW8,NW
NW8,51.53328,-0.1734435,London Marriott Hotel Regents Park,51.5420431,-0.1704653,Hotel,NW3 3ST,NW3,NW
NW8,51.53328,-0.1734435,Tesco Express,51.528271406397224,-0.1820048340878714,Grocery Store,W9 1UP,W9,W
NW8,51.53328,-0.1734435,Molly's at Little Venice,51.52536332478139,-0.17970553740266942,Café,W9 1BJ,W9,W
NW8,51.53328,-0.1734435,The Eagle,51.52564915088457,-0.17920779823562288,Pub,W9 1SS,W9,W
NW8,51.53328,-0.1734435,Boathouse Cafe,51.52872608322549,-0.16137689802866484,Café,,W9,
NW8,51.53328,-0.1734435,Tesco,51.525419701891416,-0.1795847243735705,Grocery Store,W9 1SY,W9,W
NW8,51.53328,-0.1734435,Beatles Coffee Shop,51.53451472886326,-0.17408512822638655,Coffee Shop,NW8 6DN,NW8,NW
NW8,51.53328,-0.1734435,Sahara Lebanese Restaurant,51.532429435437884,-0.16937507920461953,Lebanese Restaurant,NW8 7NG,NW8,NW
NW8,51.53328,-0.1734435,Baker & Spice,51.52560248528908,-0.17956713802972135,Bakery,W9 1SX,W9,W
NW8,51.53328,-0.1734435,St. John's Wood London Underground Station,51.534615273889415,-0.17412466450800201,Metro Station,NW8 6DN,NW8,NW
NW8,51.53328,-0.1734435,TfL Santander Cycle Hire,51.533043,-0.172581,Bike Rental / Bike Share,NW8 9ST,NW8,NW
NW8,51.53328,-0.1734435,The Coffee Shop,51.53353002559039,-0.1736846179775701,Coffee Shop,NW8 9TB,NW8,NW
NW8,51.53328,-0.1734435,Danubius Hotel,51.52967122152097,-0.16864207797267936,Hotel,NW8 7JT,NW8,NW
NW8,51.53328,-0.1734435,Poem Bar & Grill,51.53786558367129,-0.18465929464936504,Café,NW8 0AG,NW8,NW
NW8,51.53328,-0.1734435,Queen's Terrace Cafe,51.536399004765116,-0.17495000714553208,Café,NW8 6DX,NW8,NW
NW8,51.53328,-0.1734435,Tesco,51.530882377076416,-0.178412517019272,Grocery Store,NW8 9BQ,NW8,NW
NW8,51.53328,-0.1734435,Danubius Hotel Gym,51.529439019424466,-0.1687366602374334,Gym,NW8 7JT,NW8,NW
NW8,51.53328,-0.1734435,Laudareé at Harrods,51.528708627307616,-0.1692716467311695,Dessert Shop,NW8 8JY,NW8,NW
NW8,51.53328,-0.1734435,Majestic Wine,51.53777591195968,-0.17886383721429075,Wine Shop,NW8 0NB,NW8,NW
NW8,51.53328,-0.1734435,Bus Stop P (Park Road),51.52929226226938,-0.16685421840988604,Bus Stop,NW8 7JD,NW8,NW
NW8,51.53328,-0.1734435,Caffè Nero,51.52561954933044,-0.17936526239203154,Coffee Shop,W9 1SS,W9,W
NW8,51.53328,-0.1734435,Jason's Boat,51.53687760622333,-0.18343526427494689,Boat or Ferry,NW8 0AD,NW8,NW
NW8,51.53328,-0.1734435,Regent's Park Running Track,51.534661,-0.161585,Track,,NW8,
NW8,51.53328,-0.1734435,Meghna Grill,51.53695040021093,-0.18535560427883538,Restaurant,NW8 0RB,NW8,NW
NW8,51.53328,-0.1734435,Regent's Park Athletics Track,51.53457299333084,-0.16001607181336808,Athletics & Sports,,NW8,
NW8,51.53328,-0.1734435,Marriott Leisure Club,51.541946394202355,-0.17087694730619085,Gym,NW3 3ST,NW3,NW
NW9,51.583103799999996,-0.2534766,The Moon Under Water (Wetherspoon),51.58732194269513,-0.2511138690367331,Pub,NW9 6RR,NW9,NW
NW9,51.583103799999996,-0.2534766,Tiger Bay Shisha,51.58359398814039,-0.2630892284666225,Hookah Bar,NW9 0BH,NW9,NW
NW9,51.583103799999996,-0.2534766,Cafe Anglais,51.58782524578186,-0.2518018090625927,Café,NW9 6LR,NW9,NW
NW9,51.583103799999996,-0.2534766,Premier Inn London Hendon (The Hyde),51.5849261,-0.2480761,Hotel,NW9 6LA,NW9,NW
NW9,51.583103799999996,-0.2534766,Pets at Home,51.58103538760155,-0.24476241210599203,Pet Store,NW9 7TH,NW9,NW
NW9,51.583103799999996,-0.2534766,Halfords,51.58051986710075,-0.24489926174283028,Automotive Shop,NW9 7TH,NW9,NW
NW9,51.583103799999996,-0.2534766,Roe Green Park,51.58605045715626,-0.2643203974896329,Park,NW9 0PH,NW9,NW
NW9,51.583103799999996,-0.2534766,The Gym,51.591486329547315,-0.2564894107762126,Gym / Fitness Center,NW9 6FJ,NW9,NW
NW9,51.583103799999996,-0.2534766,McDonald's,51.59102793361968,-0.25530103455402936,Fast Food Restaurant,NW9 6FL,NW9,NW
NW9,51.583103799999996,-0.2534766,Wonderful Patisserie,51.5842840402077,-0.24825902665526797,Asian Restaurant,NW9 6LE,NW9,NW
NW9,51.583103799999996,-0.2534766,Sainsbury's,51.58203204707646,-0.24439082043051508,Supermarket,NW9 7BY,NW9,NW
NW9,51.583103799999996,-0.2534766,GO Outdoors,51.59033124694939,-0.2574146960307685,Outdoor Supply Store,NW9 6TH,NW9,NW
NW9,51.583103799999996,-0.2534766,Starbucks,51.582056,-0.244449,Coffee Shop,NW9 7BY,NW9,NW
NW9,51.583103799999996,-0.2534766,BP,51.5801381,-0.2430242,Gas Station,NW9 7DN,NW9,NW
NW9,51.583103799999996,-0.2534766,Jakarta,51.588277241308134,-0.2517074942323256,Asian Restaurant,NW9 6RS,NW9,NW
NW9,51.583103799999996,-0.2534766,Funky Brownz,51.583378852034926,-0.24730083139588707,Hookah Bar,NW9 6AS,NW9,NW
NW9,51.583103799999996,-0.2534766,Angels Fancy Dress Outlet Hendon,51.580952967248095,-0.24117750873000793,Costume Shop,NW9 6AP,NW9,NW
NW9,51.583103799999996,-0.2534766,Edgware Road / The Hyde Bus Stop,51.58412006082621,-0.24858509995933664,Bus Stop,NW9 6LE,NW9,NW
NW9,51.583103799999996,-0.2534766,Baskin Robbins,51.58682213176497,-0.2508802205285306,Ice Cream Shop,NW9 6LP,NW9,NW
NW9,51.583103799999996,-0.2534766,Oki Oki Japanese Restaurant,51.587751,-0.251767,Sushi Restaurant,NW9 6LR,NW9,NW
NW9,51.583103799999996,-0.2534766,Kingsbury Green Bus Stop,51.58224,-0.26227561757,Bus Stop,NW9 8AT,NW9,NW
NW9,51.583103799999996,-0.2534766,Carlton Lounge,51.583511669094,-0.2630337354872459,Lounge,NW9 0BH,NW9,NW
NW9,51.583103799999996,-0.2534766,Jem,51.583325723004144,-0.24387677568920363,Auto Workshop,NW9 6JX,NW9,NW
NW9,51.583103799999996,-0.2534766,"Sheikhan, Kingsbury Road",51.583903915888435,-0.2649375591428071,Indian Restaurant,NW9 0BT,NW9,NW
NW9,51.583103799999996,-0.2534766,Leon Paul Fencing Equipment,51.58329034827941,-0.24179433563143696,Sporting Goods Shop,NW9 6AQ,NW9,NW
NW9,51.583103799999996,-0.2534766,Matalan,51.5904549,-0.256471,Clothing Store,NW9 6TD,NW9,NW
NW9,51.583103799999996,-0.2534766,Grove Park Open Space,51.5898012186264,-0.2609829545522898,Park,NW9 0JS,NW9,NW
NW9,51.583103799999996,-0.2534766,West Hendon Brodway - Herbert Road,51.579313310119865,-0.2415286823487312,Bus Stop,NW9 7DG,NW9,NW
NW9,51.583103799999996,-0.2534766,Dreams Colindale,51.591026899305014,-0.2577292254449674,Furniture / Home Store,NW9 0EE,NW9,NW
NW9,51.583103799999996,-0.2534766,Kingsbury Park,51.58566625348122,-0.26694790222316284,Playground,,NW9,
NW10,51.54102289999999,-0.2530945,Beit El Zaytoun,51.53433015072995,-0.26163899656893086,Middle Eastern Restaurant,NW10 7AD,NW10,NW
NW10,51.54102289999999,-0.2530945,Rubio,51.537217,-0.241696,Pizza Place,NW10 4JD,NW10,NW
NW10,51.54102289999999,-0.2530945,Grand Junction Arms,51.534324609826264,-0.2603900566204936,Pub,NW10 7AD,NW10,NW
NW10,51.54102289999999,-0.2530945,Bridge Park Hotel,51.541236950109415,-0.2615563497238372,Hotel,NW10 8LY,NW10,NW
NW10,51.54102289999999,-0.2530945,Roundwood Park,51.54281129338838,-0.2414902188770604,Park,,NW10,
NW10,51.54102289999999,-0.2530945,Royal Oak,51.53628897060057,-0.2450142906718493,Pub,NW10 4JH,NW10,NW
NW10,51.54102289999999,-0.2530945,Way 2 Save,51.53621449123936,-0.24768409241124387,Convenience Store,NW10 4LS,NW10,NW
NW10,51.54102289999999,-0.2530945,Subway,51.53614815882971,-0.24854419571318898,Sandwich Place,NW10 8SJ,NW10,NW
NW10,51.54102289999999,-0.2530945,Costa Coffee,51.53647855959695,-0.24284168220768304,Coffee Shop,NW10 4PE,NW10,NW
NW10,51.54102289999999,-0.2530945,Argos,51.53688314293165,-0.24722600504244904,Warehouse Store,NW10 4NG,NW10,NW
NW10,51.54102289999999,-0.2530945,Iceland,51.536069990789514,-0.24641513668791476,Grocery Store,NW10 4NS,NW10,NW
NW10,51.54102289999999,-0.2530945,Good Taste,51.53979537966642,-0.25297851317955566,Chinese Restaurant,NW10 8QD,NW10,NW
NW10,51.54102289999999,-0.2530945,Craven Park Off Licence,51.53980176055309,-0.2529259498646487,Liquor Store,NW10 4AG,NW10,NW
NW10,51.54102289999999,-0.2530945,Tesco Express,51.54131428966959,-0.26068347515298235,Grocery Store,NW10 8GE,NW10,NW
NW10,51.54102289999999,-0.2530945,Harlesden Town Centre,51.53647308290675,-0.2428203603265158,Plaza,NW10 4PE,NW10,NW
NW10,51.54102289999999,-0.2530945,Tesco,51.5370344374719,-0.24657551085079005,Grocery Store,NW10 4JJ,NW10,NW
NW10,51.54102289999999,-0.2530945,Poundland,51.537154,-0.24891,Discount Store,NW10 4LX,NW10,NW
NW10,51.54102289999999,-0.2530945,Hillside,51.54138689302494,-0.26098658640085626,Plaza,NW10 8GE,NW10,NW
NW10,51.54102289999999,-0.2530945,Saucy Flipper,51.54662861785035,-0.2508401870727539,Fish & Chips Shop,NW10 9PB,NW10,NW
NW10,51.54102289999999,-0.2530945,Superdrug,51.536188763939805,-0.24767889209545915,Pharmacy,NW10 4LS,NW10,NW
NW10,51.54102289999999,-0.2530945,"Harlesden Jubilee Clock, Bus Stop",51.536056180893375,-0.2479271773592552,Bus Stop,NW10 4LS,NW10,NW
NW10,51.54102289999999,-0.2530945,TSB Bank,51.53551474,-0.24748371,Bank,NW10 4LP,NW10,NW
NW10,51.54102289999999,-0.2530945,Park Parade Bus Stop,51.53606208778391,-0.2456606398088021,Bus Stop,NW10 4NX,NW10,NW
NW10,51.54102289999999,-0.2530945,Sam's Chicken,51.53576526939588,-0.24616241455078125,Fast Food Restaurant,NW10 4SJ,NW10,NW
NW10,51.54102289999999,-0.2530945,Alma's,51.53709941482519,-0.24249085254096697,Café,NW10 4JE,NW10,NW
NW10,51.54102289999999,-0.2530945,Dracula Restaurant,51.535370888652935,-0.24373576474268135,Restaurant,NW10 4TR,NW10,NW
NW10,51.54102289999999,-0.2530945,First Willesden Junction Depot,51.533070685730436,-0.2468674200007631,Bus Station,NW10 4XA,NW10,NW
NW10,51.54102289999999,-0.2530945,TfL Bus 266,51.532962264827674,-0.24689197540283203,Bus Line,NW10 4XA,NW10,NW
NW11,51.5832162,-0.1944106,Daniels bakery,51.5856427937057,-0.19992200964782367,Bakery,NW11 0DL,NW11,NW
NW11,51.5832162,-0.1944106,That's Amore,51.579627,-0.198091,Italian Restaurant,NW11 7ES,NW11,NW
NW11,51.5832162,-0.1944106,Delisserie,51.58437410863252,-0.19979934154731993,Deli / Bodega,NW11 0BE,NW11,NW
NW11,51.5832162,-0.1944106,Atari-Ya,51.58840036444909,-0.1998258104953071,Grocery Store,NW11 0AN,NW11,NW
NW11,51.5832162,-0.1944106,GAIL's Bakery,51.58342033304582,-0.1996587517179594,Bakery,NW11 0QR,NW11,NW
NW11,51.5832162,-0.1944106,M&S Simply Food,51.58340078072262,-0.19935385217215512,Grocery Store,NW11 6XP,NW11,NW
NW11,51.5832162,-0.1944106,Lavash,51.58801810752544,-0.20005690396828868,Middle Eastern Restaurant,NW11 0AZ,NW11,NW
NW11,51.5832162,-0.1944106,Waitrose & Partners,51.58383917864223,-0.19978640599724945,Supermarket,NW11 6XP,NW11,NW
NW11,51.5832162,-0.1944106,Baran Ocabasi,51.58078127839448,-0.19850075257890296,Turkish Restaurant,NW11 0PU,NW11,NW
NW11,51.5832162,-0.1944106,Cafe Toulouse,51.58557116166107,-0.18345025522154745,Breakfast Spot,NW11 6JG,NW11,NW
NW11,51.5832162,-0.1944106,Nu Nosh,51.582936787749865,-0.1994909857286642,Café,NW11 6XH,NW11,NW
NW11,51.5832162,-0.1944106,Holiday Inn Express London - Golders Green (A406),51.59053132828982,-0.19961319874805425,Hotel,N3 3JN,N3,N
NW11,51.5832162,-0.1944106,Costa Coffee,51.58329793564854,-0.1996363952950433,Coffee Shop,NW11 0QR,NW11,NW
NW11,51.5832162,-0.1944106,Piacere Coffee Shop,51.58149745916568,-0.19887512460663792,Coffee Shop,NW11 7TS,NW11,NW
NW11,51.5832162,-0.1944106,WHSmith,51.583269942428295,-0.19986748695373535,Bookstore,NW11 0QR,NW11,NW
NW11,51.5832162,-0.1944106,Carmelli's,51.57688372769462,-0.1995175925063624,Bakery,NW11 0RY,NW11,NW
NW11,51.5832162,-0.1944106,Kosher Deli,51.584496,-0.199797,Deli / Bodega,NW11 0AA,NW11,NW
NW11,51.5832162,-0.1944106,Bus Stop TV (Beaufort Drive),51.588592829850974,-0.1943928788036405,Bus Stop,NW11 6BS,NW11,NW
NW11,51.5832162,-0.1944106,Tesco,51.57836533488604,-0.20431334115090388,Grocery Store,NW11 9AR,NW11,NW
NW11,51.5832162,-0.1944106,Henlys Corner,51.58972779828316,-0.1998460292816162,Intersection,N3 3JN,N3,N
NW11,51.5832162,-0.1944106,Holiday Inn Breakfast Bar,51.59041,-0.19939676,Breakfast Spot,N3 3JN,N3,N
NW11,51.5832162,-0.1944106,Temple Fortune Club,51.586667896656344,-0.20624518355471275,Tennis Court,NW11 9JS,NW11,NW
NW11,51.5832162,-0.1944106,Rose supermarket,51.585638,-0.181523,Grocery Store,NW11 6JP,NW11,NW
NW11,51.5832162,-0.1944106,LA fitness,51.5747262800932,-0.19578756016109525,Gym / Fitness Center,NW11 7NP,NW11,NW
NW11,51.5832162,-0.1944106,King's Kosher Bakery and Pizzeria,51.585583039049126,-0.1811197585797525,Bakery,NW11 6EQ,NW11,NW
